id,predict_prob
0,0.35807055897905776
1,0.0060925587434172025
2,0.0060925587434172025
3,0.35807055897905776
4,0.35807055897905776
5,0.35807055897905776
6,0.0060925587434172025
7,0.35807055897905776
8,0.0060925587434172025
9,0.36443676175172235
10,0.35807055897905776
11,0.390956443209924
12,0.35807055897905776
13,0.0060925587434172025
14,0.0060925587434172025
15,0.383175248768012
16,0.35807055897905776
17,0.0060925587434172025
18,0.383175248768012
19,0.0060925587434172025
20,0.35807055897905776
21,0.4689786755159937
22,0.4920037333541831
23,0.0060925587434172025
24,0.36443676175172235
25,0.35807055897905776
26,0.5340273863743662
27,0.4920037333541831
28,0.35807055897905776
29,0.5120172505525846
30,0.4920037333541831
31,0.33988328328671774
32,0.383175248768012
33,0.0060925587434172025
34,0.36443676175172235
35,0.33988328328671774
36,0.38510948586209576
37,0.3844071728350269
38,0.5120172505525846
39,0.36443676175172235
40,0.35807055897905776
41,0.36443676175172235
42,0.38510948586209576
43,0.383175248768012
44,0.0060925587434172025
45,0.383175248768012
46,0.35807055897905776
47,0.35807055897905776
48,0.33988328328671774
49,0.35807055897905776
50,0.38510948586209576
51,0.383175248768012
52,0.36443676175172235
53,0.35807055897905776
54,0.35807055897905776
55,0.383175248768012
56,0.33988328328671774
57,0.33988328328671774
58,0.383175248768012
59,0.383175248768012
60,0.33988328328671774
61,0.33988328328671774
62,0.35807055897905776
63,0.383175248768012
64,0.35807055897905776
65,0.4689786755159937
66,0.383175248768012
67,0.35807055897905776
68,0.35807055897905776
69,0.0060925587434172025
70,0.38510948586209576
71,0.36443676175172235
72,0.36443676175172235
73,0.0060925587434172025
74,0.35807055897905776
75,0.35807055897905776
76,0.35807055897905776
77,0.383175248768012
78,0.0060925587434172025
79,0.35807055897905776
80,0.33988328328671774
81,0.4920037333541831
82,0.35807055897905776
83,0.36443676175172235
84,0.383175248768012
85,0.5120172505525846
86,0.35807055897905776
87,0.5120172505525846
88,0.33988328328671774
89,0.383175248768012
90,0.35807055897905776
91,0.38510948586209576
92,0.35807055897905776
93,0.383175248768012
94,0.36443676175172235
95,0.4689786755159937
96,0.35807055897905776
97,0.35807055897905776
98,0.0060925587434172025
99,0.33988328328671774
100,0.0060925587434172025
101,0.36443676175172235
102,0.383175248768012
103,0.48895708978197366
104,0.0060925587434172025
105,0.35807055897905776
106,0.48511001016198435
107,0.35807055897905776
108,0.4689786755159937
109,0.4920037333541831
110,0.48511001016198435
111,0.35807055897905776
112,0.0060925587434172025
113,0.35807055897905776
114,0.4920037333541831
115,0.006718323115811764
116,0.36443676175172235
117,0.36443676175172235
118,0.507165615078026
119,0.35807055897905776
120,0.36443676175172235
121,0.35807055897905776
122,0.35807055897905776
123,0.38510948586209576
124,0.4651457131502968
125,0.36443676175172235
126,0.390956443209924
127,0.383175248768012
128,0.36443676175172235
129,0.38510948586209576
130,0.36443676175172235
131,0.35807055897905776
132,0.36443676175172235
133,0.383175248768012
134,0.383175248768012
135,0.383175248768012
136,0.36443676175172235
137,0.35807055897905776
138,0.35807055897905776
139,0.35807055897905776
140,0.0060925587434172025
141,0.0060925587434172025
142,0.4689786755159937
143,0.4651457131502968
144,0.36443676175172235
145,0.35807055897905776
146,0.383175248768012
147,0.4920037333541831
148,0.5120172505525846
149,0.36443676175172235
150,0.35807055897905776
151,0.4920037333541831
152,0.35807055897905776
153,0.383175248768012
154,0.383175248768012
155,0.35807055897905776
156,0.5140598435974943
157,0.35807055897905776
158,0.35807055897905776
159,0.36443676175172235
160,0.0060925587434172025
161,0.33988328328671774
162,0.38510948586209576
163,0.0060925587434172025
164,0.33988328328671774
165,0.383175248768012
166,0.383175248768012
167,0.36443676175172235
168,0.36443676175172235
169,0.36443676175172235
170,0.383175248768012
171,0.36443676175172235
172,0.35807055897905776
173,0.35807055897905776
174,0.35807055897905776
175,0.0060925587434172025
176,0.383175248768012
177,0.36443676175172235
178,0.383175248768012
179,0.36443676175172235
180,0.38510948586209576
181,0.33988328328671774
182,0.35807055897905776
183,0.35807055897905776
184,0.0060925587434172025
185,0.35807055897905776
186,0.36443676175172235
187,0.0060925587434172025
188,0.35807055897905776
189,0.38510948586209576
190,0.33988328328671774
191,0.5120172505525846
192,0.0060925587434172025
193,0.390956443209924
194,0.0060925587434172025
195,0.3599520216703538
196,0.36443676175172235
197,0.33988328328671774
198,0.4920037333541831
199,0.38510948586209576
200,0.0060925587434172025
201,0.4689786755159937
202,0.0060925587434172025
203,0.35807055897905776
204,0.36443676175172235
205,0.35807055897905776
206,0.33988328328671774
207,0.5340273863743662
208,0.36443676175172235
209,0.0060925587434172025
210,0.35807055897905776
211,0.35807055897905776
212,0.35807055897905776
213,0.4689786755159937
214,0.3599520216703538
215,0.0060925587434172025
216,0.383175248768012
217,0.35807055897905776
218,0.0060925587434172025
219,0.4920037333541831
220,0.36443676175172235
221,0.4920037333541831
222,0.0060925587434172025
223,0.36443676175172235
224,0.0060925587434172025
225,0.383175248768012
226,0.36443676175172235
227,0.33988328328671774
228,0.35807055897905776
229,0.35807055897905776
230,0.4689786755159937
231,0.38510948586209576
232,0.35807055897905776
233,0.35807055897905776
234,0.35807055897905776
235,0.35807055897905776
236,0.35807055897905776
237,0.4920037333541831
238,0.33988328328671774
239,0.38510948586209576
240,0.35807055897905776
241,0.38510948586209576
242,0.33988328328671774
243,0.35807055897905776
244,0.3599520216703538
245,0.35807055897905776
246,0.3785972763751324
247,0.0060925587434172025
248,0.36443676175172235
249,0.383175248768012
250,0.383175248768012
251,0.35807055897905776
252,0.36443676175172235
253,0.35807055897905776
254,0.38510948586209576
255,0.38510948586209576
256,0.36443676175172235
257,0.35807055897905776
258,0.33988328328671774
259,0.38510948586209576
260,0.0060925587434172025
261,0.383175248768012
262,0.35807055897905776
263,0.35807055897905776
264,0.49100025168337336
265,0.36443676175172235
266,0.383175248768012
267,0.35807055897905776
268,0.35807055897905776
269,0.44228324658619406
270,0.35807055897905776
271,0.40423485637361467
272,0.36443676175172235
273,0.0060925587434172025
274,0.38510948586209576
275,0.36443676175172235
276,0.36443676175172235
277,0.44228324658619406
278,0.3656441531207841
279,0.383175248768012
280,0.33988328328671774
281,0.0060925587434172025
282,0.40423485637361467
283,0.35807055897905776
284,0.33988328328671774
285,0.4689786755159937
286,0.3599520216703538
287,0.38510948586209576
288,0.38510948586209576
289,0.35807055897905776
290,0.35807055897905776
291,0.4101784858175047
292,0.5120172505525846
293,0.383175248768012
294,0.390956443209924
295,0.36443676175172235
296,0.35807055897905776
297,0.383175248768012
298,0.35807055897905776
299,0.5340273863743662
300,0.35807055897905776
301,0.35807055897905776
302,0.36443676175172235
303,0.36443676175172235
304,0.383175248768012
305,0.383175248768012
306,0.0060925587434172025
307,0.5202082674200494
308,0.0060925587434172025
309,0.38510948586209576
310,0.5120172505525846
311,0.38510948586209576
312,0.0060925587434172025
313,0.33988328328671774
314,0.383175248768012
315,0.33988328328671774
316,0.35807055897905776
317,0.35807055897905776
318,0.33988328328671774
319,0.5340273863743662
320,0.44228324658619406
321,0.0060925587434172025
322,0.35807055897905776
323,0.0060925587434172025
324,0.35807055897905776
325,0.4920037333541831
326,0.0060925587434172025
327,0.47027614027742726
328,0.47027614027742726
329,0.4689786755159937
330,0.35807055897905776
331,0.48511001016198435
332,0.35807055897905776
333,0.36443676175172235
334,0.35807055897905776
335,0.383175248768012
336,0.44228324658619406
337,0.35807055897905776
338,0.4841071896925309
339,0.4689786755159937
340,0.3599520216703538
341,0.47027614027742726
342,0.35807055897905776
343,0.35807055897905776
344,0.0060925587434172025
345,0.44228324658619406
346,0.44228324658619406
347,0.48511001016198435
348,0.36443676175172235
349,0.0060925587434172025
350,0.383175248768012
351,0.0060925587434172025
352,0.36443676175172235
353,0.38510948586209576
354,0.383175248768012
355,0.4689786755159937
356,0.35807055897905776
357,0.4689786755159937
358,0.33988328328671774
359,0.0060925587434172025
360,0.383175248768012
361,0.35807055897905776
362,0.38510948586209576
363,0.47027614027742726
364,0.0060925587434172025
365,0.35807055897905776
366,0.44228324658619406
367,0.35807055897905776
368,0.38510948586209576
369,0.0060925587434172025
370,0.35807055897905776
371,0.36443676175172235
372,0.4689786755159937
373,0.383175248768012
374,0.35807055897905776
375,0.35807055897905776
376,0.383175248768012
377,0.38510948586209576
378,0.35807055897905776
379,0.35807055897905776
380,0.35807055897905776
381,0.36443676175172235
382,0.33988328328671774
383,0.35807055897905776
384,0.35807055897905776
385,0.383175248768012
386,0.383175248768012
387,0.35807055897905776
388,0.35807055897905776
389,0.35807055897905776
390,0.5120172505525846
391,0.40423485637361467
392,0.383175248768012
393,0.33988328328671774
394,0.0060925587434172025
395,0.48895708978197366
396,0.35807055897905776
397,0.35807055897905776
398,0.0060925587434172025
399,0.46211409098910694
400,0.0060925587434172025
401,0.33988328328671774
402,0.35807055897905776
403,0.35807055897905776
404,0.48511001016198435
405,0.35807055897905776
406,0.33988328328671774
407,0.36443676175172235
408,0.0060925587434172025
409,0.0060925587434172025
410,0.35807055897905776
411,0.33988328328671774
412,0.4689786755159937
413,0.35807055897905776
414,0.4651457131502968
415,0.0060925587434172025
416,0.383175248768012
417,0.5120172505525846
418,0.36443676175172235
419,0.4101784858175047
420,0.5340273863743662
421,0.33988328328671774
422,0.35807055897905776
423,0.35807055897905776
424,0.383175248768012
425,0.35807055897905776
426,0.35807055897905776
427,0.36443676175172235
428,0.383175248768012
429,0.4920037333541831
430,0.33988328328671774
431,0.35807055897905776
432,0.3844071728350269
433,0.40423485637361467
434,0.35807055897905776
435,0.0060925587434172025
436,0.0060925587434172025
437,0.48511001016198435
438,0.35807055897905776
439,0.33988328328671774
440,0.35807055897905776
441,0.0060925587434172025
442,0.35807055897905776
443,0.35807055897905776
444,0.383175248768012
445,0.4920037333541831
446,0.35807055897905776
447,0.35807055897905776
448,0.36443676175172235
449,0.4920037333541831
450,0.33988328328671774
451,0.40423485637361467
452,0.5202082674200494
453,0.4689786755159937
454,0.35807055897905776
455,0.5340273863743662
456,0.0060925587434172025
457,0.38510948586209576
458,0.36443676175172235
459,0.35807055897905776
460,0.0060925587434172025
461,0.35807055897905776
462,0.35807055897905776
463,0.35807055897905776
464,0.33988328328671774
465,0.4651457131502968
466,0.35807055897905776
467,0.33988328328671774
468,0.35807055897905776
469,0.48511001016198435
470,0.35807055897905776
471,0.35807055897905776
472,0.4651457131502968
473,0.35807055897905776
474,0.49100025168337336
475,0.35807055897905776
476,0.3599520216703538
477,0.3599520216703538
478,0.390956443209924
479,0.0060925587434172025
480,0.4920037333541831
481,0.36443676175172235
482,0.0060925587434172025
483,0.4920037333541831
484,0.46211409098910694
485,0.33988328328671774
486,0.383175248768012
487,0.383175248768012
488,0.4689786755159937
489,0.36443676175172235
490,0.4101784858175047
491,0.4920037333541831
492,0.4920037333541831
493,0.35807055897905776
494,0.33988328328671774
495,0.35807055897905776
496,0.35807055897905776
497,0.35807055897905776
498,0.35807055897905776
499,0.35807055897905776
500,0.383175248768012
501,0.38510948586209576
502,0.383175248768012
503,0.3599520216703538
504,0.33988328328671774
505,0.35807055897905776
506,0.46211409098910694
507,0.383175248768012
508,0.383175248768012
509,0.33988328328671774
510,0.44228324658619406
511,0.35807055897905776
512,0.48511001016198435
513,0.5171647760233696
514,0.35807055897905776
515,0.36443676175172235
516,0.48895708978197366
517,0.3656441531207841
518,0.35807055897905776
519,0.383175248768012
520,0.35807055897905776
521,0.35807055897905776
522,0.48511001016198435
523,0.0060925587434172025
524,0.35807055897905776
525,0.0060925587434172025
526,0.35807055897905776
527,0.36443676175172235
528,0.5140598435974943
529,0.35807055897905776
530,0.5140598435974943
531,0.383175248768012
532,0.4920037333541831
533,0.5120172505525846
534,0.35807055897905776
535,0.4971550407306905
536,0.35807055897905776
537,0.35807055897905776
538,0.35807055897905776
539,0.0060925587434172025
540,0.35807055897905776
541,0.33988328328671774
542,0.35807055897905776
543,0.0060925587434172025
544,0.33988328328671774
545,0.4920037333541831
546,0.383175248768012
547,0.35807055897905776
548,0.33988328328671774
549,0.35807055897905776
550,0.4920037333541831
551,0.5120172505525846
552,0.383175248768012
553,0.3656441531207841
554,0.383175248768012
555,0.0060925587434172025
556,0.383175248768012
557,0.36443676175172235
558,0.35807055897905776
559,0.0060925587434172025
560,0.4920037333541831
561,0.36443676175172235
562,0.0060925587434172025
563,0.4689786755159937
564,0.35807055897905776
565,0.47027614027742726
566,0.33988328328671774
567,0.3844071728350269
568,0.35807055897905776
569,0.383175248768012
570,0.36443676175172235
571,0.35807055897905776
572,0.35807055897905776
573,0.33988328328671774
574,0.5120172505525846
575,0.36443676175172235
576,0.35807055897905776
577,0.35807055897905776
578,0.38510948586209576
579,0.35807055897905776
580,0.33988328328671774
581,0.3844071728350269
582,0.4920037333541831
583,0.4920037333541831
584,0.383175248768012
585,0.33988328328671774
586,0.35807055897905776
587,0.35807055897905776
588,0.35807055897905776
589,0.5120172505525846
590,0.0060925587434172025
591,0.35807055897905776
592,0.35807055897905776
593,0.5120172505525846
594,0.383175248768012
595,0.4689786755159937
596,0.3844071728350269
597,0.35807055897905776
598,0.35807055897905776
599,0.3599520216703538
600,0.383175248768012
601,0.35807055897905776
602,0.4101784858175047
603,0.36443676175172235
604,0.383175248768012
605,0.35807055897905776
606,0.0060925587434172025
607,0.0060925587434172025
608,0.383175248768012
609,0.383175248768012
610,0.35807055897905776
611,0.35807055897905776
612,0.383175248768012
613,0.35807055897905776
614,0.36443676175172235
615,0.390956443209924
616,0.48511001016198435
617,0.36443676175172235
618,0.383175248768012
619,0.33988328328671774
620,0.35807055897905776
621,0.4689786755159937
622,0.4971550407306905
623,0.33988328328671774
624,0.35807055897905776
625,0.5120172505525846
626,0.383175248768012
627,0.49100025168337336
628,0.4651457131502968
629,0.35807055897905776
630,0.36443676175172235
631,0.383175248768012
632,0.35807055897905776
633,0.33988328328671774
634,0.38510948586209576
635,0.33988328328671774
636,0.4971550407306905
637,0.35807055897905776
638,0.35807055897905776
639,0.35807055897905776
640,0.36443676175172235
641,0.35807055897905776
642,0.0060925587434172025
643,0.35807055897905776
644,0.4920037333541831
645,0.0060925587434172025
646,0.4689786755159937
647,0.0060925587434172025
648,0.4689786755159937
649,0.36443676175172235
650,0.5120172505525846
651,0.48511001016198435
652,0.4920037333541831
653,0.35807055897905776
654,0.35807055897905776
655,0.0060925587434172025
656,0.0060925587434172025
657,0.383175248768012
658,0.35807055897905776
659,0.4689786755159937
660,0.4971550407306905
661,0.5340273863743662
662,0.35807055897905776
663,0.38510948586209576
664,0.44228324658619406
665,0.38510948586209576
666,0.48511001016198435
667,0.390956443209924
668,0.35807055897905776
669,0.35807055897905776
670,0.383175248768012
671,0.5202082674200494
672,0.36443676175172235
673,0.33988328328671774
674,0.38510948586209576
675,0.35807055897905776
676,0.4651457131502968
677,0.33988328328671774
678,0.35807055897905776
679,0.35807055897905776
680,0.48511001016198435
681,0.0060925587434172025
682,0.4920037333541831
683,0.36443676175172235
684,0.38510948586209576
685,0.33988328328671774
686,0.46211409098910694
687,0.35807055897905776
688,0.5120172505525846
689,0.35807055897905776
690,0.48511001016198435
691,0.35807055897905776
692,0.35807055897905776
693,0.3785972763751324
694,0.4971550407306905
695,0.35807055897905776
696,0.48895708978197366
697,0.35807055897905776
698,0.35807055897905776
699,0.0060925587434172025
700,0.46211409098910694
701,0.0060925587434172025
702,0.33988328328671774
703,0.4971550407306905
704,0.4920037333541831
705,0.35807055897905776
706,0.36443676175172235
707,0.35807055897905776
708,0.36443676175172235
709,0.35807055897905776
710,0.35807055897905776
711,0.35807055897905776
712,0.35807055897905776
713,0.35807055897905776
714,0.35807055897905776
715,0.33988328328671774
716,0.383175248768012
717,0.35807055897905776
718,0.33988328328671774
719,0.0060925587434172025
720,0.0060925587434172025
721,0.33988328328671774
722,0.4651457131502968
723,0.35807055897905776
724,0.4920037333541831
725,0.4689786755159937
726,0.36443676175172235
727,0.35807055897905776
728,0.35807055897905776
729,0.35807055897905776
730,0.3656441531207841
731,0.36443676175172235
732,0.35807055897905776
733,0.33988328328671774
734,0.383175248768012
735,0.33988328328671774
736,0.36443676175172235
737,0.383175248768012
738,0.35807055897905776
739,0.0060925587434172025
740,0.4920037333541831
741,0.0060925587434172025
742,0.35807055897905776
743,0.4920037333541831
744,0.35807055897905776
745,0.35807055897905776
746,0.383175248768012
747,0.4920037333541831
748,0.3599520216703538
749,0.33988328328671774
750,0.44228324658619406
751,0.35807055897905776
752,0.35807055897905776
753,0.0060925587434172025
754,0.38510948586209576
755,0.48895708978197366
756,0.4920037333541831
757,0.4971550407306905
758,0.33988328328671774
759,0.383175248768012
760,0.35807055897905776
761,0.383175248768012
762,0.35807055897905776
763,0.35807055897905776
764,0.0060925587434172025
765,0.36443676175172235
766,0.36443676175172235
767,0.390956443209924
768,0.0060925587434172025
769,0.383175248768012
770,0.38510948586209576
771,0.0060925587434172025
772,0.38510948586209576
773,0.5140598435974943
774,0.35807055897905776
775,0.33988328328671774
776,0.35807055897905776
777,0.383175248768012
778,0.38510948586209576
779,0.33988328328671774
780,0.0056264066779550025
781,0.4920037333541831
782,0.36443676175172235
783,0.4920037333541831
784,0.48511001016198435
785,0.48895708978197366
786,0.36443676175172235
787,0.4651457131502968
788,0.33988328328671774
789,0.383175248768012
790,0.0060925587434172025
791,0.0060925587434172025
792,0.33988328328671774
793,0.0060925587434172025
794,0.0060925587434172025
795,0.35807055897905776
796,0.0056264066779550025
797,0.383175248768012
798,0.383175248768012
799,0.36443676175172235
800,0.38510948586209576
801,0.4920037333541831
802,0.0060925587434172025
803,0.5340273863743662
804,0.35807055897905776
805,0.44228324658619406
806,0.4920037333541831
807,0.4920037333541831
808,0.35807055897905776
809,0.33988328328671774
810,0.4920037333541831
811,0.35807055897905776
812,0.36443676175172235
813,0.383175248768012
814,0.35807055897905776
815,0.4079411352045841
816,0.5563951497321928
817,0.4000439368301729
818,0.46211409098910694
819,0.38099004791660845
820,0.40668361634882577
821,0.4261378795128509
822,0.4866445714286002
823,0.5416746725985707
824,0.5365542890465034
825,0.44784435891361296
826,0.38099004791660845
827,0.5584121914317113
828,0.006718323115811764
829,0.44784435891361296
830,0.4000439368301729
831,0.40668361634882577
832,0.5335215071488534
833,0.47027614027742726
834,0.38510948586209576
835,0.4281384575572069
836,0.38099004791660845
837,0.4261378795128509
838,0.4281384575572069
839,0.38510948586209576
840,0.38099004791660845
841,0.4079411352045841
842,0.453940630800784
843,0.4000439368301729
844,0.44784435891361296
845,0.4261378795128509
846,0.35807055897905776
847,0.4261378795128509
848,0.38099004791660845
849,0.5066575141248219
850,0.40668361634882577
851,0.38099004791660845
852,0.4281384575572069
853,0.5097044465546303
854,0.35807055897905776
855,0.4281384575572069
856,0.43417741370789825
857,0.5097044465546303
858,0.4000439368301729
859,0.4261378795128509
860,0.4281384575572069
861,0.4000439368301729
862,0.35807055897905776
863,0.38099004791660845
864,0.4020078290837802
865,0.4000439368301729
866,0.38099004791660845
867,0.5097044465546303
868,0.4281384575572069
869,0.35807055897905776
870,0.33988328328671774
871,0.4000439368301729
872,0.4261378795128509
873,0.4261378795128509
874,0.4000439368301729
875,0.4281384575572069
876,0.38099004791660845
877,0.5135520329966321
878,0.5563951497321928
879,0.4281384575572069
880,0.40668361634882577
881,0.5644748827170053
882,0.40668361634882577
883,0.4261378795128509
884,0.42139728096041873
885,0.4000439368301729
886,0.40668361634882577
887,0.33988328328671774
888,0.007274279487963746
889,0.5365542890465034
890,0.40668361634882577
891,0.5365542890465034
892,0.5097044465546303
893,0.4261378795128509
894,0.4000439368301729
895,0.38099004791660845
896,0.4000439368301729
897,0.4261378795128509
898,0.40668361634882577
899,0.33988328328671774
900,0.5296872195035407
901,0.38099004791660845
902,0.383175248768012
903,0.4281384575572069
904,0.5644748827170053
905,0.4079411352045841
906,0.0061422681309751875
907,0.5148532523617358
908,0.4000439368301729
909,0.007274279487963746
910,0.5365542890465034
911,0.4281384575572069
912,0.5365542890465034
913,0.4000439368301729
914,0.5296872195035407
915,0.4281384575572069
916,0.4281384575572069
917,0.44228324658619406
918,0.33988328328671774
919,0.4281384575572069
920,0.4281384575572069
921,0.4079411352045841
922,0.5296872195035407
923,0.4866445714286002
924,0.5365542890465034
925,0.5416746725985707
926,0.4000439368301729
927,0.5335215071488534
928,0.44784435891361296
929,0.40668361634882577
930,0.007940021017843994
931,0.5135520329966321
932,0.4281384575572069
933,0.5135520329966321
934,0.38099004791660845
935,0.33988328328671774
936,0.4261378795128509
937,0.4281384575572069
938,0.38099004791660845
939,0.44784435891361296
940,0.383175248768012
941,0.33988328328671774
942,0.4000439368301729
943,0.5365542890465034
944,0.38099004791660845
945,0.007274279487963746
946,0.4000439368301729
947,0.383175248768012
948,0.007274279487963746
949,0.43417741370789825
950,0.38099004791660845
951,0.4261378795128509
952,0.007274279487963746
953,0.4000439368301729
954,0.5097044465546303
955,0.38099004791660845
956,0.5378493499121226
957,0.38099004791660845
958,0.40668361634882577
959,0.42139728096041873
960,0.4281384575572069
961,0.4866445714286002
962,0.4281384575572069
963,0.4079411352045841
964,0.007274279487963746
965,0.38099004791660845
966,0.4281384575572069
967,0.4000439368301729
968,0.4000439368301729
969,0.36443676175172235
970,0.40668361634882577
971,0.38099004791660845
972,0.4274122190491386
973,0.38099004791660845
974,0.4079411352045841
975,0.44784435891361296
976,0.4261378795128509
977,0.5563951497321928
978,0.38099004791660845
979,0.4261378795128509
980,0.007274279487963746
981,0.4020078290837802
982,0.4000439368301729
983,0.44784435891361296
984,0.5416746725985707
985,0.5296872195035407
986,0.4000439368301729
987,0.5097044465546303
988,0.4000439368301729
989,0.5135520329966321
990,0.33988328328671774
991,0.5644748827170053
992,0.36443676175172235
993,0.5563951497321928
994,0.5097044465546303
995,0.4000439368301729
996,0.5365542890465034
997,0.5644748827170053
998,0.5563951497321928
999,0.38099004791660845
1000,0.35807055897905776
1001,0.5365542890465034
1002,0.5584121914317113
1003,0.40668361634882577
1004,0.4866445714286002
1005,0.40668361634882577
1006,0.5644748827170053
1007,0.007274279487963746
1008,0.5365542890465034
1009,0.5335215071488534
1010,0.5296872195035407
1011,0.5563951497321928
1012,0.38099004791660845
1013,0.5365542890465034
1014,0.4261378795128509
1015,0.4000439368301729
1016,0.4866445714286002
1017,0.4261378795128509
1018,0.38099004791660845
1019,0.4866445714286002
1020,0.5563951497321928
1021,0.40668361634882577
1022,0.35807055897905776
1023,0.4000439368301729
1024,0.38099004791660845
1025,0.4281384575572069
1026,0.5644748827170053
1027,0.4281384575572069
1028,0.4000439368301729
1029,0.4261378795128509
1030,0.5780531721160681
1031,0.5780531721160681
1032,0.4079411352045841
1033,0.38099004791660845
1034,0.4000439368301729
1035,0.4000439368301729
1036,0.4281384575572069
1037,0.38099004791660845
1038,0.4000439368301729
1039,0.4281384575572069
1040,0.5584121914317113
1041,0.4020078290837802
1042,0.5335215071488534
1043,0.4079411352045841
1044,0.4261378795128509
1045,0.40668361634882577
1046,0.4866445714286002
1047,0.44784435891361296
1048,0.38099004791660845
1049,0.007940021017843994
1050,0.35807055897905776
1051,0.4281384575572069
1052,0.5365542890465034
1053,0.5563951497321928
1054,0.4000439368301729
1055,0.4000439368301729
1056,0.40668361634882577
1057,0.4281384575572069
1058,0.40668361634882577
1059,0.40668361634882577
1060,0.38099004791660845
1061,0.5584121914317113
1062,0.007274279487963746
1063,0.40668361634882577
1064,0.38099004791660845
1065,0.4000439368301729
1066,0.5365542890465034
1067,0.5340273863743662
1068,0.4281384575572069
1069,0.4281384575572069
1070,0.33988328328671774
1071,0.4281384575572069
1072,0.5365542890465034
1073,0.4000439368301729
1074,0.35807055897905776
1075,0.38099004791660845
1076,0.40668361634882577
1077,0.5780531721160681
1078,0.5780531721160681
1079,0.38099004791660845
1080,0.3656441531207841
1081,0.4079411352045841
1082,0.4261378795128509
1083,0.4000439368301729
1084,0.5365542890465034
1085,0.40668361634882577
1086,0.007274279487963746
1087,0.40668361634882577
1088,0.4261378795128509
1089,0.5348176953328655
1090,0.5365542890465034
1091,0.5097044465546303
1092,0.5365542890465034
1093,0.40668361634882577
1094,0.5135520329966321
1095,0.38099004791660845
1096,0.4121579515688849
1097,0.4281384575572069
1098,0.4020078290837802
1099,0.4000439368301729
1100,0.5584121914317113
1101,0.40668361634882577
1102,0.38510948586209576
1103,0.5135520329966321
1104,0.4261378795128509
1105,0.40668361634882577
1106,0.40668361634882577
1107,0.35807055897905776
1108,0.35807055897905776
1109,0.4261378795128509
1110,0.4281384575572069
1111,0.5365542890465034
1112,0.4261378795128509
1113,0.38099004791660845
1114,0.4281384575572069
1115,0.36443676175172235
1116,0.38099004791660845
1117,0.007274279487963746
1118,0.38099004791660845
1119,0.40668361634882577
1120,0.33988328328671774
1121,0.38099004791660845
1122,0.4281384575572069
1123,0.5365542890465034
1124,0.38510948586209576
1125,0.5416746725985707
1126,0.38099004791660845
1127,0.4000439368301729
1128,0.38099004791660845
1129,0.38099004791660845
1130,0.5365542890465034
1131,0.5584121914317113
1132,0.4000439368301729
1133,0.535555736894368
1134,0.4281384575572069
1135,0.4261378795128509
1136,0.38099004791660845
1137,0.007274279487963746
1138,0.5340273863743662
1139,0.43417741370789825
1140,0.4000439368301729
1141,0.38099004791660845
1142,0.40668361634882577
1143,0.43417741370789825
1144,0.5335215071488534
1145,0.38099004791660845
1146,0.4000439368301729
1147,0.43417741370789825
1148,0.5365542890465034
1149,0.4000439368301729
1150,0.5378493499121226
1151,0.5365542890465034
1152,0.38099004791660845
1153,0.5365542890465034
1154,0.4281384575572069
1155,0.40668361634882577
1156,0.40668361634882577
1157,0.38099004791660845
1158,0.35807055897905776
1159,0.4274122190491386
1160,0.38099004791660845
1161,0.38099004791660845
1162,0.4020078290837802
1163,0.38099004791660845
1164,0.5584121914317113
1165,0.40668361634882577
1166,0.007274279487963746
1167,0.40668361634882577
1168,0.5365542890465034
1169,0.38099004791660845
1170,0.5365542890465034
1171,0.38099004791660845
1172,0.5296872195035407
1173,0.43417741370789825
1174,0.4020078290837802
1175,0.4281384575572069
1176,0.5365542890465034
1177,0.5148532523617358
1178,0.38099004791660845
1179,0.006718323115811764
1180,0.40668361634882577
1181,0.38099004791660845
1182,0.38099004791660845
1183,0.5780531721160681
1184,0.006718323115811764
1185,0.5148532523617358
1186,0.5365542890465034
1187,0.36443676175172235
1188,0.40668361634882577
1189,0.44784435891361296
1190,0.4261378795128509
1191,0.38099004791660845
1192,0.42139728096041873
1193,0.4261378795128509
1194,0.007274279487963746
1195,0.4281384575572069
1196,0.4274122190491386
1197,0.007274279487963746
1198,0.43417741370789825
1199,0.4261378795128509
1200,0.4000439368301729
1201,0.5563951497321928
1202,0.007274279487963746
1203,0.42139728096041873
1204,0.38099004791660845
1205,0.4000439368301729
1206,0.5416746725985707
1207,0.42139728096041873
1208,0.006718323115811764
1209,0.44784435891361296
1210,0.38099004791660845
1211,0.5135520329966321
1212,0.38099004791660845
1213,0.4000439368301729
1214,0.44784435891361296
1215,0.38099004791660845
1216,0.40668361634882577
1217,0.5584121914317113
1218,0.40668361634882577
1219,0.4000439368301729
1220,0.4261378795128509
1221,0.5148532523617358
1222,0.5644748827170053
1223,0.4000439368301729
1224,0.4000439368301729
1225,0.40668361634882577
1226,0.42139728096041873
1227,0.4261378795128509
1228,0.44784435891361296
1229,0.4866445714286002
1230,0.007274279487963746
1231,0.38099004791660845
1232,0.4079411352045841
1233,0.5416746725985707
1234,0.38099004791660845
1235,0.5644748827170053
1236,0.5644748827170053
1237,0.5148532523617358
1238,0.5135520329966321
1239,0.4261378795128509
1240,0.40668361634882577
1241,0.007274279487963746
1242,0.4281384575572069
1243,0.44784435891361296
1244,0.4020078290837802
1245,0.5584121914317113
1246,0.561475482736975
1247,0.5563951497321928
1248,0.44784435891361296
1249,0.4000439368301729
1250,0.5365542890465034
1251,0.38099004791660845
1252,0.4274122190491386
1253,0.4281384575572069
1254,0.4000439368301729
1255,0.5563951497321928
1256,0.44784435891361296
1257,0.4261378795128509
1258,0.4000439368301729
1259,0.5563951497321928
1260,0.4261378795128509
1261,0.4020078290837802
1262,0.40668361634882577
1263,0.5097044465546303
1264,0.5416746725985707
1265,0.42139728096041873
1266,0.38099004791660845
1267,0.4261378795128509
1268,0.42139728096041873
1269,0.007274279487963746
1270,0.43417741370789825
1271,0.007274279487963746
1272,0.4000439368301729
1273,0.38099004791660845
1274,0.40668361634882577
1275,0.4020078290837802
1276,0.5644748827170053
1277,0.40668361634882577
1278,0.4000439368301729
1279,0.007274279487963746
1280,0.007274279487963746
1281,0.007274279487963746
1282,0.4261378795128509
1283,0.42139728096041873
1284,0.4261378795128509
1285,0.45596802383473634
1286,0.40668361634882577
1287,0.4281384575572069
1288,0.4000439368301729
1289,0.4000439368301729
1290,0.43417741370789825
1291,0.4274122190491386
1292,0.4000439368301729
1293,0.5780531721160681
1294,0.4000439368301729
1295,0.5644748827170053
1296,0.4261378795128509
1297,0.4000439368301729
1298,0.4000439368301729
1299,0.5296872195035407
1300,0.5365542890465034
1301,0.40668361634882577
1302,0.5097044465546303
1303,0.44784435891361296
1304,0.40668361634882577
1305,0.4000439368301729
1306,0.4261378795128509
1307,0.5296872195035407
1308,0.007274279487963746
1309,0.5365542890465034
1310,0.4000439368301729
1311,0.4000439368301729
1312,0.38099004791660845
1313,0.5097044465546303
1314,0.4261378795128509
1315,0.38099004791660845
1316,0.40668361634882577
1317,0.007274279487963746
1318,0.4079411352045841
1319,0.4000439368301729
1320,0.4274122190491386
1321,0.5416746725985707
1322,0.4000439368301729
1323,0.38099004791660845
1324,0.4000439368301729
1325,0.43417741370789825
1326,0.5584121914317113
1327,0.5644748827170053
1328,0.4866445714286002
1329,0.007274279487963746
1330,0.007274279487963746
1331,0.5365542890465034
1332,0.38099004791660845
1333,0.4000439368301729
1334,0.4000439368301729
1335,0.4261378795128509
1336,0.43417741370789825
1337,0.4261378795128509
1338,0.5780531721160681
1339,0.007274279487963746
1340,0.5644748827170053
1341,0.4000439368301729
1342,0.4000439368301729
1343,0.44784435891361296
1344,0.5644748827170053
1345,0.38099004791660845
1346,0.453940630800784
1347,0.4261378795128509
1348,0.4000439368301729
1349,0.4866445714286002
1350,0.5097044465546303
1351,0.007274279487963746
1352,0.007274279487963746
1353,0.4261378795128509
1354,0.4000439368301729
1355,0.4020078290837802
1356,0.4000439368301729
1357,0.5296872195035407
1358,0.38099004791660845
1359,0.5365542890465034
1360,0.43417741370789825
1361,0.4000439368301729
1362,0.4000439368301729
1363,0.4261378795128509
1364,0.5563951497321928
1365,0.40668361634882577
1366,0.4000439368301729
1367,0.5296872195035407
1368,0.007274279487963746
1369,0.44784435891361296
1370,0.4000439368301729
1371,0.4000439368301729
1372,0.4000439368301729
1373,0.4000439368301729
1374,0.5296872195035407
1375,0.5365542890465034
1376,0.40668361634882577
1377,0.4281384575572069
1378,0.38099004791660845
1379,0.40668361634882577
1380,0.5584121914317113
1381,0.5365542890465034
1382,0.38099004791660845
1383,0.40668361634882577
1384,0.4000439368301729
1385,0.5365542890465034
1386,0.5780531721160681
1387,0.42139728096041873
1388,0.4261378795128509
1389,0.40668361634882577
1390,0.4261378795128509
1391,0.4274122190491386
1392,0.4866445714286002
1393,0.42139728096041873
1394,0.4261378795128509
1395,0.5148532523617358
1396,0.5416746725985707
1397,0.4000439368301729
1398,0.5135520329966321
1399,0.584047069910975
1400,0.43417741370789825
1401,0.4000439368301729
1402,0.4000439368301729
1403,0.40668361634882577
1404,0.5066575141248219
1405,0.5563951497321928
1406,0.4000439368301729
1407,0.5365542890465034
1408,0.38099004791660845
1409,0.4000439368301729
1410,0.4261378795128509
1411,0.40668361634882577
1412,0.4000439368301729
1413,0.4000439368301729
1414,0.38099004791660845
1415,0.4000439368301729
1416,0.44784435891361296
1417,0.4000439368301729
1418,0.007274279487963746
1419,0.007274279487963746
1420,0.5644748827170053
1421,0.38099004791660845
1422,0.007274279487963746
1423,0.42139728096041873
1424,0.561475482736975
1425,0.4261378795128509
1426,0.4281384575572069
1427,0.43417741370789825
1428,0.38099004791660845
1429,0.4281384575572069
1430,0.40668361634882577
1431,0.4000439368301729
1432,0.44784435891361296
1433,0.4000439368301729
1434,0.4261378795128509
1435,0.40668361634882577
1436,0.42139728096041873
1437,0.4261378795128509
1438,0.42139728096041873
1439,0.38099004791660845
1440,0.5644748827170053
1441,0.5097044465546303
1442,0.4261378795128509
1443,0.5584121914317113
1444,0.4000439368301729
1445,0.5365542890465034
1446,0.5097044465546303
1447,0.40668361634882577
1448,0.44784435891361296
1449,0.44784435891361296
1450,0.4866445714286002
1451,0.4000439368301729
1452,0.5365542890465034
1453,0.44784435891361296
1454,0.4281384575572069
1455,0.4274122190491386
1456,0.4281384575572069
1457,0.4000439368301729
1458,0.4000439368301729
1459,0.40668361634882577
1460,0.4000439368301729
1461,0.4261378795128509
1462,0.5378493499121226
1463,0.007274279487963746
1464,0.4261378795128509
1465,0.38099004791660845
1466,0.4000439368301729
1467,0.4261378795128509
1468,0.4020078290837802
1469,0.4000439368301729
1470,0.453940630800784
1471,0.43417741370789825
1472,0.007274279487963746
1473,0.5644748827170053
1474,0.4261378795128509
1475,0.4000439368301729
1476,0.4020078290837802
1477,0.43417741370789825
1478,0.4281384575572069
1479,0.5563951497321928
1480,0.4000439368301729
1481,0.43417741370789825
1482,0.4000439368301729
1483,0.007940021017843994
1484,0.007274279487963746
1485,0.007274279487963746
1486,0.5135520329966321
1487,0.44784435891361296
1488,0.007274279487963746
1489,0.4020078290837802
1490,0.5563951497321928
1491,0.007274279487963746
1492,0.4000439368301729
1493,0.4000439368301729
1494,0.4261378795128509
1495,0.4281384575572069
1496,0.4000439368301729
1497,0.5365542890465034
1498,0.38099004791660845
1499,0.453940630800784
1500,0.42139728096041873
1501,0.43417741370789825
1502,0.007274279487963746
1503,0.4261378795128509
1504,0.4000439368301729
1505,0.40668361634882577
1506,0.40668361634882577
1507,0.4020078290837802
1508,0.4261378795128509
1509,0.5365542890465034
1510,0.453940630800784
1511,0.4020078290837802
1512,0.453940630800784
1513,0.007274279487963746
1514,0.38099004791660845
1515,0.453940630800784
1516,0.4274122190491386
1517,0.38099004791660845
1518,0.4020078290837802
1519,0.4281384575572069
1520,0.5780531721160681
1521,0.007274279487963746
1522,0.44784435891361296
1523,0.44784435891361296
1524,0.4079411352045841
1525,0.4261378795128509
1526,0.4000439368301729
1527,0.4020078290837802
1528,0.38099004791660845
1529,0.5416746725985707
1530,0.4000439368301729
1531,0.5584121914317113
1532,0.4079411352045841
1533,0.5584121914317113
1534,0.007274279487963746
1535,0.4261378795128509
1536,0.40668361634882577
1537,0.5563951497321928
1538,0.4281384575572069
1539,0.38099004791660845
1540,0.44784435891361296
1541,0.38099004791660845
1542,0.5416746725985707
1543,0.40668361634882577
1544,0.4261378795128509
1545,0.5135520329966321
1546,0.4261378795128509
1547,0.4261378795128509
1548,0.38099004791660845
1549,0.4261378795128509
1550,0.4000439368301729
1551,0.38099004791660845
1552,0.4261378795128509
1553,0.40668361634882577
1554,0.43417741370789825
1555,0.40668361634882577
1556,0.007940021017843994
1557,0.38099004791660845
1558,0.4000439368301729
1559,0.42139728096041873
1560,0.4000439368301729
1561,0.38099004791660845
1562,0.007274279487963746
1563,0.5365542890465034
1564,0.44784435891361296
1565,0.5097044465546303
1566,0.4020078290837802
1567,0.44784435891361296
1568,0.4000439368301729
1569,0.4000439368301729
1570,0.4000439368301729
1571,0.4000439368301729
1572,0.4020078290837802
1573,0.4000439368301729
1574,0.42139728096041873
1575,0.5416746725985707
1576,0.4000439368301729
1577,0.4274122190491386
1578,0.4000439368301729
1579,0.40668361634882577
1580,0.44784435891361296
1581,0.4281384575572069
1582,0.4261378795128509
1583,0.007274279487963746
1584,0.4000439368301729
1585,0.4866445714286002
1586,0.4000439368301729
1587,0.40668361634882577
1588,0.38099004791660845
1589,0.40668361634882577
1590,0.40668361634882577
1591,0.4261378795128509
1592,0.38099004791660845
1593,0.4000439368301729
1594,0.5416746725985707
1595,0.43417741370789825
1596,0.4281384575572069
1597,0.4000439368301729
1598,0.5296872195035407
1599,0.40668361634882577
1600,0.40668361634882577
1601,0.40668361634882577
1602,0.44784435891361296
1603,0.4281384575572069
1604,0.5416746725985707
1605,0.4000439368301729
1606,0.006718323115811764
1607,0.42139728096041873
1608,0.007274279487963746
1609,0.5563951497321928
1610,0.5584121914317113
1611,0.5148532523617358
1612,0.4000439368301729
1613,0.44784435891361296
1614,0.4261378795128509
1615,0.4000439368301729
1616,0.4261378795128509
1617,0.4261378795128509
1618,0.4281384575572069
1619,0.5563951497321928
1620,0.4000439368301729
1621,0.42139728096041873
1622,0.43417741370789825
1623,0.4000439368301729
1624,0.5365542890465034
1625,0.4000439368301729
1626,0.44784435891361296
1627,0.5135520329966321
1628,0.44784435891361296
1629,0.4000439368301729
1630,0.4000439368301729
1631,0.5097044465546303
1632,0.4000439368301729
1633,0.5365542890465034
1634,0.4261378795128509
1635,0.44784435891361296
1636,0.4274122190491386
1637,0.4000439368301729
1638,0.5644748827170053
1639,0.4261378795128509
1640,0.38099004791660845
1641,0.5780531721160681
1642,0.4261378795128509
1643,0.43417741370789825
1644,0.40668361634882577
1645,0.4000439368301729
1646,0.007274279487963746
1647,0.5335215071488534
1648,0.40668361634882577
1649,0.5365542890465034
1650,0.4261378795128509
1651,0.4000439368301729
1652,0.40668361634882577
1653,0.38099004791660845
1654,0.007940021017843994
1655,0.5644748827170053
1656,0.4000439368301729
1657,0.007274279487963746
1658,0.007274279487963746
1659,0.42139728096041873
1660,0.42139728096041873
1661,0.40668361634882577
1662,0.453940630800784
1663,0.4261378795128509
1664,0.5780531721160681
1665,0.40668361634882577
1666,0.007940021017843994
1667,0.38099004791660845
1668,0.42139728096041873
1669,0.007274279487963746
1670,0.4000439368301729
1671,0.5416746725985707
1672,0.45596802383473634
1673,0.40668361634882577
1674,0.5365542890465034
1675,0.38099004791660845
1676,0.42139728096041873
1677,0.4079411352045841
1678,0.007940021017843994
1679,0.38099004791660845
1680,0.4000439368301729
1681,0.4000439368301729
1682,0.5644748827170053
1683,0.4000439368301729
1684,0.4281384575572069
1685,0.42139728096041873
1686,0.5365542890465034
1687,0.4261378795128509
1688,0.5365542890465034
1689,0.42139728096041873
1690,0.40668361634882577
1691,0.4261378795128509
1692,0.44784435891361296
1693,0.38099004791660845
1694,0.4261378795128509
1695,0.5365542890465034
1696,0.007274279487963746
1697,0.5584121914317113
1698,0.38099004791660845
1699,0.4261378795128509
1700,0.4281384575572069
1701,0.4866445714286002
1702,0.4261378795128509
1703,0.5563951497321928
1704,0.4261378795128509
1705,0.4000439368301729
1706,0.40668361634882577
1707,0.5378493499121226
1708,0.4000439368301729
1709,0.4000439368301729
1710,0.4000439368301729
1711,0.40668361634882577
1712,0.43417741370789825
1713,0.4274122190491386
1714,0.4000439368301729
1715,0.007274279487963746
1716,0.5584121914317113
1717,0.44784435891361296
1718,0.5416746725985707
1719,0.5135520329966321
1720,0.4000439368301729
1721,0.5416746725985707
1722,0.4000439368301729
1723,0.007274279487963746
1724,0.453940630800784
1725,0.4261378795128509
1726,0.5365542890465034
1727,0.4000439368301729
1728,0.5365542890465034
1729,0.007940021017843994
1730,0.38099004791660845
1731,0.007274279487963746
1732,0.4000439368301729
1733,0.44784435891361296
1734,0.007274279487963746
1735,0.5563951497321928
1736,0.4000439368301729
1737,0.007274279487963746
1738,0.4274122190491386
1739,0.5365542890465034
1740,0.4000439368301729
1741,0.4000439368301729
1742,0.44784435891361296
1743,0.4020078290837802
1744,0.007274279487963746
1745,0.5097044465546303
1746,0.453940630800784
1747,0.4261378795128509
1748,0.007274279487963746
1749,0.4000439368301729
1750,0.4000439368301729
1751,0.4000439368301729
1752,0.4000439368301729
1753,0.4281384575572069
1754,0.007274279487963746
1755,0.5097044465546303
1756,0.4000439368301729
1757,0.38099004791660845
1758,0.4000439368301729
1759,0.5644748827170053
1760,0.4000439368301729
1761,0.453940630800784
1762,0.4281384575572069
1763,0.5416746725985707
1764,0.43417741370789825
1765,0.38099004791660845
1766,0.4000439368301729
1767,0.43417741370789825
1768,0.5365542890465034
1769,0.44784435891361296
1770,0.5097044465546303
1771,0.007274279487963746
1772,0.4261378795128509
1773,0.44784435891361296
1774,0.38099004791660845
1775,0.4020078290837802
1776,0.4000439368301729
1777,0.4000439368301729
1778,0.5365542890465034
1779,0.5563951497321928
1780,0.4000439368301729
1781,0.007940021017843994
1782,0.4261378795128509
1783,0.44784435891361296
1784,0.4281384575572069
1785,0.40668361634882577
1786,0.5148532523617358
1787,0.4281384575572069
1788,0.42139728096041873
1789,0.4000439368301729
1790,0.43417741370789825
1791,0.4000439368301729
1792,0.007274279487963746
1793,0.40668361634882577
1794,0.5365542890465034
1795,0.007274279487963746
1796,0.4261378795128509
1797,0.4261378795128509
1798,0.5365542890465034
1799,0.40668361634882577
1800,0.4261378795128509
1801,0.40668361634882577
1802,0.4000439368301729
1803,0.38099004791660845
1804,0.4000439368301729
1805,0.4261378795128509
1806,0.5563951497321928
1807,0.40668361634882577
1808,0.4079411352045841
1809,0.4261378795128509
1810,0.38099004791660845
1811,0.4261378795128509
1812,0.5584121914317113
1813,0.5584121914317113
1814,0.4261378795128509
1815,0.4281384575572069
1816,0.4000439368301729
1817,0.4000439368301729
1818,0.5148532523617358
1819,0.5365542890465034
1820,0.4000439368301729
1821,0.007274279487963746
1822,0.4000439368301729
1823,0.4000439368301729
1824,0.007274279487963746
1825,0.007274279487963746
1826,0.5644748827170053
1827,0.4079411352045841
1828,0.007274279487963746
1829,0.4000439368301729
1830,0.007940021017843994
1831,0.4000439368301729
1832,0.5148532523617358
1833,0.4261378795128509
1834,0.4281384575572069
1835,0.007274279487963746
1836,0.38099004791660845
1837,0.4000439368301729
1838,0.38099004791660845
1839,0.5416746725985707
1840,0.4000439368301729
1841,0.40668361634882577
1842,0.5365542890465034
1843,0.4261378795128509
1844,0.40668361634882577
1845,0.4261378795128509
1846,0.4000439368301729
1847,0.42139728096041873
1848,0.4261378795128509
1849,0.453940630800784
1850,0.40668361634882577
